Pergunta,Quantidade de Respostas,Bancos Mencionados
Melhor banco para receber dinheiro em dólar?,6,"Wise, Nomad, Remessa Online, Nubank"
Melhor banco PJ pra receber pagamentos internacionais?,19,"Husky, Nomad, Nubank PJ, Inter PJ, C6 Bank, Revolut, Stripe, Wise"
Melhor banco de questões para residência?,2,"Estratégia, Medcof"
Qual o melhor banco?,22,"Bradesco, Itaú, Sicoob, Inter, Santander, Nubank, PicPay, Banco do Brasil, Caixa, XP"
O melhor banco atualmente é o BTG? Vale a pena eu imigrar do Inter para ele?,39,"BTG, Inter, Santander, Itaú, Nubank, Banco do Brasil"
Melhor Banco 100% Digital?,20,"ActivoBank, Bankinter, Millennium"
Qual melhor banco ultimamente?,50,"Inter, Itaú, Mercado Pago, Nubank, PicPay, C6, Banco do Brasil, Santander, Caixa, BTG, Bradesco, XP"
Qual melhor banco de questões que vc conhece?,3,"Repertório Enem, Sindra.ai, Estuda.com"
Melhor banco em Portugal,7,"Moey, Ativo Bank, Revolut, Trade Republic, Millennium"
Qual é o melhor banco português para investir?,27,"ActivoBank, Banco Best, Invest, Carregosa, XTB, Banco Best (NB), BAI Europa, CGD, Santander, Big, Degiro, Interactive Brokers, TR, Banco Best (NB), BCP"
Qual é o melhor banco?,7,"ActivoBank, CGD, BIG, Montepio, Revolut, Moey!"
Qual o melhor banco pra valores médios?,3,"Itaú, Santander, Bradesco"
Melhor banco para abrir conta aos 18 anos e poupar?,18,"activobank, Banco Best, Moey, AtivoBank, Bankinter, Crédito Agrícola, Santander, Trading212, Revolut"